,SourceID,Dec,RA,status
0,4001301489784,2.2261954,150.1539993,Referenced
