,SourceID,Dec,RA,status
0,4000842101103,-55.9555475,104.5997854,Referenced
