,SourceID,Dec,RA,status
0,4001184705170,30.526401300000003,23.3476835,Referenced
