,SourceID,Dec,RA,status
0,4000731293766,25.0632212,86.71476170000004,Referenced
1,4000737205464,14.5297815,210.0229708,Unreferenced
